Student_ID,Name,Gender,Age,Attendance_Pct,Study_Hours_Per_Week,Math,Science,English,Hindi,Computer_Science,Total_Marks,Percentage,Grade
1,Aarav Sharma,Male,18,92,14,85,78,72,80,88,403,80.6,A
2,Priya Patel,Female,19,88,12,70,65,80,75,72,362,72.4,B
3,Rohan Gupta,Male,20,75,8,55,60,50,58,62,285,57.0,C
4,Sneha Reddy,Female,18,95,16,90,88,85,82,92,437,87.4,A
5,Amit Kumar,Male,19,60,5,40,35,45,50,38,208,41.6,F
6,Kavya Nair,Female,20,85,10,72,70,68,74,76,360,72.0,B
7,Vikram Singh,Male,18,78,9,60,55,58,62,65,300,60.0,B
8,Ananya Iyer,Female,19,90,13,82,80,76,78,85,401,80.2,A
9,Rahul Verma,Male,20,65,6,48,42,52,55,44,241,48.2,D
10,Meera Joshi,Female,18,92,15,88,85,82,80,90,425,85.0,A
11,Arjun Das,Male,19,70,7,52,48,55,50,58,263,52.6,C
12,Pooja Mishra,Female,20,88,11,75,72,70,68,78,363,72.6,B
13,Siddharth Rao,Male,18,82,10,68,65,62,70,72,337,67.4,B
14,Divya Menon,Female,19,94,14,86,82,80,84,88,420,84.0,A
15,Karthik Pillai,Male,20,55,4,35,30,40,42,32,179,35.8,F
16,Riya Chopra,Female,18,91,13,80,78,75,76,82,391,78.2,B
17,Manish Tiwari,Male,19,76,8,58,52,55,60,56,281,56.2,C
18,Neha Saxena,Female,20,87,11,74,70,72,68,76,360,72.0,B
19,Aditya Jain,Male,18,93,15,87,84,78,82,90,421,84.2,A
20,Ishita Bhat,Female,19,80,9,65,60,68,62,70,325,65.0,B
21,Varun Kapoor,Male,20,72,7,54,50,48,56,52,260,52.0,C
22,Shruti Agarwal,Female,18,96,17,92,90,88,86,94,450,90.0,A
23,Nikhil Pandey,Male,19,68,6,45,40,50,48,42,225,45.0,D
24,Tanvi Kulkarni,Female,20,84,10,70,68,65,72,74,349,69.8,B
25,Harsh Mehta,Male,18,78,8,60,55,52,58,64,289,57.8,C
26,Sakshi Deshmukh,Female,19,90,12,78,75,80,74,82,389,77.8,B
27,Pranav Shukla,Male,20,62,5,42,38,44,46,40,210,42.0,D
28,Anjali Thakur,Female,18,93,14,84,80,82,78,86,410,82.0,A
29,Deepak Yadav,Male,19,74,7,56,50,54,52,58,270,54.0,C
30,Nisha Chauhan,Female,20,86,11,72,68,74,70,78,362,72.4,B
31,Rajesh Sinha,Male,18,58,4,38,32,42,44,36,192,38.4,F
32,Aditi Bhatt,Female,19,89,12,76,74,72,70,80,372,74.4,B
33,Suresh Malhotra,Male,20,80,9,64,60,58,62,66,310,62.0,B
34,Komal Rawat,Female,18,92,14,82,80,78,76,88,404,80.8,A
35,Abhishek Dubey,Male,19,70,6,50,45,52,48,54,249,49.8,D
36,Ritika Bansal,Female,20,85,10,70,66,72,68,74,350,70.0,B
37,Gaurav Choudhary,Male,18,82,9,66,62,58,64,68,318,63.6,B
38,Pallavi Goswami,Female,19,94,15,88,86,82,80,90,426,85.2,A
39,Tarun Sethi,Male,20,66,5,44,38,46,50,42,220,44.0,D
40,Megha Arora,Female,18,88,11,74,70,76,72,78,370,74.0,B
41,Vivek Rathore,Male,19,76,8,58,54,50,56,60,278,55.6,C
42,Simran Bajaj,Female,20,90,13,80,78,74,76,84,392,78.4,B
43,Lokesh Nayak,Male,18,84,10,68,64,60,66,72,330,66.0,B
44,Tanya Srivastava,Female,19,72,7,54,50,56,52,58,270,54.0,C
45,Pankaj Goel,Male,20,60,4,40,34,38,44,36,192,38.4,F
46,Aarohi Mahajan,Female,18,95,16,90,86,84,82,92,434,86.8,A
47,Sandeep Bisht,Male,19,78,8,62,56,54,60,64,296,59.2,C
48,Jyoti Kashyap,Female,20,86,11,72,68,70,66,76,352,70.4,B
49,Mohit Tandon,Male,18,90,12,78,72,68,74,80,372,74.4,B
50,Kriti Dhawan,Female,19,82,9,66,62,64,60,70,322,64.4,B
51,Ashish Chahar,Male,20,68,6,48,44,46,50,50,238,47.6,D
52,Swati Bhasin,Female,18,91,13,80,76,78,74,84,392,78.4,B
53,Nitin Saini,Male,19,74,7,54,48,52,56,56,266,53.2,C
54,Aparna Hegde,Female,20,88,12,76,74,70,72,80,372,74.4,B
55,Raghav Luthra,Male,18,80,9,64,58,56,62,66,306,61.2,B
56,Bhavna Kohli,Female,19,94,15,86,84,80,78,90,418,83.6,A
57,Dinesh Khatri,Male,20,62,5,42,36,44,48,40,210,42.0,D
58,Mansi Oberoi,Female,18,87,10,72,68,74,70,76,360,72.0,B
59,Yogesh Pandit,Male,19,76,8,56,52,50,58,58,274,54.8,C
60,Madhuri Lal,Female,20,90,13,82,78,76,74,84,394,78.8,B
61,Sahil Walia,Male,18,70,6,50,44,48,52,52,246,49.2,D
62,Ekta Grover,Female,19,92,14,84,80,78,76,88,406,81.2,A
63,Tushar Bedi,Male,20,82,9,66,60,58,64,68,316,63.2,B
64,Rashmi Anand,Female,18,86,11,74,70,72,68,78,362,72.4,B
65,Kunal Dutta,Male,19,64,5,44,38,42,46,40,210,42.0,D
66,Sonal Narayan,Female,20,88,12,76,72,74,70,80,372,74.4,B
67,Ajay Purohit,Male,18,78,8,60,54,52,58,62,286,57.2,C
68,Garima Kalra,Female,19,93,14,84,82,80,78,88,412,82.4,A
69,Manoj Thapa,Male,20,56,4,36,30,38,42,34,180,36.0,F
70,Nikita Vohra,Female,18,90,13,80,76,74,72,82,384,76.8,B
71,Ajit Banerji,Male,19,72,7,52,48,50,54,56,260,52.0,C
72,Deepika Saran,Female,20,84,10,70,66,68,64,74,342,68.4,B
73,Sumit Jha,Male,18,88,11,74,70,66,72,78,360,72.0,B
74,Lata Mehra,Female,19,80,9,64,60,62,58,68,312,62.4,B
75,Ramesh Ojha,Male,20,66,5,46,40,44,48,44,222,44.4,D
76,Parul Wadhwa,Female,18,92,14,82,80,78,76,86,402,80.4,A
77,Akash Bhardwaj,Male,19,74,7,54,48,50,56,54,262,52.4,C
78,Shweta Gill,Female,20,86,10,72,68,70,66,76,352,70.4,B
79,Hemant Arya,Male,18,82,9,66,60,58,64,70,318,63.6,B
80,Seema Sandhu,Female,19,90,12,78,74,76,72,82,382,76.4,B
81,Naveen Hooda,Male,20,60,4,40,34,36,44,38,192,38.4,F
82,Vani Trehan,Female,18,94,15,88,84,82,80,90,424,84.8,A
83,Gautam Nanda,Male,19,78,8,60,56,54,58,64,292,58.4,C
84,Anu Prasad,Female,20,88,12,76,72,70,74,80,372,74.4,B
85,Ravi Khurana,Male,18,84,10,68,64,62,66,72,332,66.4,B
86,Chitra Nagpal,Female,19,70,6,50,46,52,48,54,250,50.0,D
87,Vishal Ahuja,Male,20,80,9,64,58,56,62,66,306,61.2,B
88,Jaya Dhingra,Female,18,92,14,84,80,76,78,86,404,80.8,A
89,Sunil Batra,Male,19,72,7,52,46,50,54,56,258,51.6,C
90,Reema Suri,Female,20,86,11,72,68,74,70,78,362,72.4,B
91,Kapil Seghal,Male,18,58,4,38,32,40,44,36,190,38.0,F
92,Namita Punj,Female,19,90,13,80,76,72,74,82,384,76.8,B
93,Sanjay Talwar,Male,20,76,8,58,52,54,60,60,284,56.8,C
94,Geeta Uppal,Female,18,88,11,74,70,72,68,78,362,72.4,B
95,Prakash Chawla,Male,19,82,9,66,60,58,64,68,316,63.2,B
96,Usha Bhandari,Female,20,94,15,86,82,80,78,88,414,82.8,A
97,Mohan Lakra,Male,18,68,6,48,42,46,50,48,234,46.8,D
98,Renu Sodhi,Female,19,84,10,70,66,68,64,74,342,68.4,B
99,Anil Khosla,Male,20,78,8,60,54,52,58,62,286,57.2,C
100,Poonam Dutt,Female,18,96,16,92,88,86,84,94,444,88.8,A
